id,label,starton,endon,departmentalleadof,byministerialdepartment
1087,"Departmental lead for Protocol, done at Seoul on 17 December 2013, to Eliminate Illicit Trade in Tobacco Products",,,1087,urn:procedure-editor:MakingAvailableBody:HYfypSOE
1088,"Departmental lead for Comprehensive and Enhanced Partnership Agreement, done at Brussels on 24 November 2017, between the European Union and European Atomic Energy Community and their Member States, of the one part, and the Republic of Armenia, of the other part (Vol. I and II)",,,1088,urn:procedure-editor:MakingAvailableBody:UIV7W27r
1098,"Departmental lead for Political Dialogue and Cooperation Agreement, done at Brussels on 12 December 2016, between the European Union and its Member States, of the one part, and the Republic of Cuba, of the other part",,,1098,urn:procedure-editor:MakingAvailableBody:UIV7W27r
1099,"Departmental lead for Agreement, done at Paris on 16 November 2016, on Extending the Framework Agreement for the International Collaboration on Research and Development of Generation IV Nuclear Energy Systems",,,1099,urn:procedure-editor:MakingAvailableBody:yiuTaSI4
1100,"Departmental lead for Convention on Road Traffic, done at Vienna 8 November 1968",,,1100,urn:procedure-editor:MakingAvailableBody:XouN12Ow
1101,"Departmental lead for Partnership and Cooperation Agreement establishing a Partnership between the European Communities and their Member States, of the one part, and Turkmenistan, of the other part",,,1101,urn:procedure-editor:MakingAvailableBody:UIV7W27r
1151,"Departmental lead for Agreement, done at London on 2 November 2016, on the Mutual Recognition of Degrees between the United Kingdom of Great Britain and Northern Ireland and the Republic of Colombia",,,1151,urn:procedure-editor:MakingAvailableBody:yiuTaSI4
1152,"Departmental lead for Agreement, done at London on 13 May 2016, on the Mutual Recognition of Qualifications and Degrees between the United Kingdom of Great Britain and Northern Ireland and the Republic of Chile",,,1152,urn:procedure-editor:MakingAvailableBody:yiuTaSI4
1153,"Departmental lead for Television Co-production Agreement, done at Shanghai on 6 December 2016, between the Government of the United Kingdom and the Government of the People's Republic of China",,,1153,urn:procedure-editor:MakingAvailableBody:ZU3IXBtP
1154,"Departmental lead for Kigali Amendment, made in Kigali on 15 October 2016, to the Montreal Protocol on Substances that Deplete the Ozone Layer",,,1154,urn:procedure-editor:MakingAvailableBody:5LQ5Ar74
1155,"Departmental lead for Agreement, done at Santo Domingo on 25 October 2016, establishing the EU-LAC International Foundation",,,1155,urn:procedure-editor:MakingAvailableBody:UIV7W27r
1161,"Departmental lead for Agreement, done at Tirana on 5 April 2017, between the United Kingdom of Great Britain and Northern Ireland and the Republic of Albania supplementing the European Convention on Extradition 1957",,,1161,urn:procedure-editor:MakingAvailableBody:NDZSYjeE
1162,"Departmental lead for Treaty, done at Warsaw on 21 December 2017, between the United Kingdom of Great Britain and Northern Ireland and the Republic of Poland on Defence and Security Cooperation",,,1162,urn:procedure-editor:MakingAvailableBody:DkHdH4kZ
1163,"Departmental lead for Protocol, done at Brussels on 11 November 2016, between the European Union and its Member States and Colombia and Peru on Accession to the Trade Agreement, to take account of the accession of Ecuador",,,1163,urn:procedure-editor:MakingAvailableBody:ni8aOEk3
1164,Departmental lead for Agreement Establishing the Inter-American Investment Corporation,,,1164,urn:procedure-editor:MakingAvailableBody:g8hByIik
1165,"Departmental lead for Agreement, done at Luxembourg on 10 June 2013, between the European Union and its Member States and the Government of the State of Israel on Euro-Mediterranean Aviation",,,1165,urn:procedure-editor:MakingAvailableBody:XouN12Ow
1166,"Departmental lead for Common Aviation Area Agreement, done at Brussels on 26 June 2012, between the European Union and its Member states and the Republic of Moldova",,,1166,urn:procedure-editor:MakingAvailableBody:XouN12Ow
1167,"Departmental lead for Agreement, done at Brussels on 30 June 2001, on the international occasional carriage of passengers by coach and bus (Interbus agreement); and, Decision No 1/2011 of the Joint Committee established under the Interbus Agreement on the international occasional carriage of passengers by coach and bus of 11 November 2011 adopting its rules of procedure and adapting Annex 1 to the Agreement regarding conditions applying to road passenger transport operators, Annex 2 to the Agreement concerning the technical standards applying to buses and coaches and the requirements concerning the social provisions referred to in Article 8 of the Agreement; and, the Protocol to the agreement on the international occasional carriage of passengers by coach and bus (Interbus Agreement) regarding the international regular and special regular carriage of passengers by coach and bus",,,1167,urn:procedure-editor:MakingAvailableBody:XouN12Ow
1168,"Departmental lead for Agreement, done at Lanzarote on 25 October 2007, on the Protection of Children against Sexual Exploitation and Sexual Abuse",,,1168,urn:procedure-editor:MakingAvailableBody:NDZSYjeE
1169,"Departmental lead for Framework Agreement, done at Marrakesh on 15 November 2016, on the establishment of the International Solar Alliance",,,1169,urn:procedure-editor:MakingAvailableBody:g8hByIik
1170,"Departmental lead for Agreement, done at Panama City on 25 July 2017, between the Government of the United Kingdom of Great Britain and Northern Ireland and the Government of the Republic of Panama for the Establishment and Functioning of Private International Schools of Excellence in the Republic of Panama",,,1170,urn:procedure-editor:MakingAvailableBody:UIV7W27r
1171,"Departmental lead for Strategic Partnership Agreement, done at Brussels on 30 October 2016, between the European Union and its Member States, of the one part, and Canada, of the other part",,,1171,urn:procedure-editor:MakingAvailableBody:UIV7W27r
1172,"Departmental lead for Partnership Agreement, done at Brussels on 5 October 2016, between the European Union and its Member States, of the one part, and New Zealand, of the other part",,,1172,urn:procedure-editor:MakingAvailableBody:UIV7W27r
1173,"Departmental lead for Framework Agreement, done at Manila on 7 August 2017, between the European Union and its Member States, of the one part, and Australia, of the other part",,,1173,urn:procedure-editor:MakingAvailableBody:UIV7W27r
1174,"Departmental lead for Agreement, done at Davos on 25 January 2019, between the Government of the United Kingdom of Great Britain and Northern Ireland and the Swiss Federal Council on the International Carriage of Passengers and Goods by Road",,,1174,urn:procedure-editor:MakingAvailableBody:XouN12Ow
1175,"Departmental lead for Agreement, done at Davos on 25 January 2019, on Direct Insurance other than Life Insurance between the United Kingdom of Great Britain and Northern Ireland and the Swiss Confederation",,,1175,urn:procedure-editor:MakingAvailableBody:HYfypSOE
1176,"Departmental lead for Agreement, done at Washington on 31 January 2019, between the United Kingdom of Great Britain and Northern Ireland and the United States of America on the Mutual Recognition of certain distilled Spirits/Spirit Drinks",,,1176,urn:procedure-editor:MakingAvailableBody:5LQ5Ar74
1177,"Departmental lead for Agreement, done at Washington on 31 January 2019, between the United Kingdom of Great Britain and Northern Ireland and the United States of America on Trade in Wine",,,1177,urn:procedure-editor:MakingAvailableBody:5LQ5Ar74
1178,"Departmental lead for Amendments to Protocol, done at Geneva on 4 May 2012, to Abate Acidification, Eutrophication and Ground-level Ozone",,,1178,urn:procedure-editor:MakingAvailableBody:5LQ5Ar74
1179,"Departmental lead for Convention, done at Interlaken on 20 May 1987, on the simplification of formalities in trade in goods",,,1179,urn:procedure-editor:MakingAvailableBody:HYfypSOE
1180,"Departmental lead for Protocol, done at Geneva 27 November 2014, amending the Marrakesh Agreement Establishing the World Trade Organization",,,1180,urn:procedure-editor:MakingAvailableBody:ni8aOEk3
1181,"Departmental lead for Protocol, done at Geneva 6 Dec 2005, amending the TRIPS Agreement",,,1181,urn:procedure-editor:MakingAvailableBody:ni8aOEk3
1182,"Departmental lead for Convention, done at Ottawa on 24 November 1978, on Cooperation in the Northwest Atlantic Fisheries",,,1182,urn:procedure-editor:MakingAvailableBody:5LQ5Ar74
1183,"Departmental lead for Convention, done at Reykjavik on 2 March 1982, for the Conservation of Salmon in the North Atlantic Ocean",,,1183,urn:procedure-editor:MakingAvailableBody:5LQ5Ar74
1184,"Departmental lead for Agreement, done at Rome on 22 November 2009, on Port State Measures to Prevent, Deter and Eliminate Illegal, Unreported and Unregulated Fishing",,,1184,urn:procedure-editor:MakingAvailableBody:5LQ5Ar74
1185,"Departmental lead for Agreement, done at Rome on 24 November 1993, to Promote Compliance with International Conservation and Management Measures by Fishing Vessels on the High Seas",,,1185,urn:procedure-editor:MakingAvailableBody:5LQ5Ar74
1186,"Departmental lead for International Convention, done at Rio de Janeiro on 14 May 1966, on the Conservation of Atlantic Tunas",,,1186,urn:procedure-editor:MakingAvailableBody:5LQ5Ar74
1187,"Departmental lead for Convention, done at London on 18 November 1980, on Future Multilateral Cooperation in North-East Atlantic Fisheries",,,1187,urn:procedure-editor:MakingAvailableBody:5LQ5Ar74
1188,"Departmental lead for Agreement, done at Rome on 25 November 1993, on the Establishment of the Indian Ocean Tuna Commission",,,1188,urn:procedure-editor:MakingAvailableBody:5LQ5Ar74
1189,"Departmental lead for Agreement, done at London on 31 January 2019, between the United Kingdom of Great Britain and Northern Ireland and the Kingdom of Denmark in respect of Free Trade with the Faroe Islands",,,1189,urn:procedure-editor:MakingAvailableBody:ni8aOEk3
1190,"Departmental lead for Agreement, done at Santiago on 30 January 2019, between the United Kingdom of Great Britain and Northern Ireland and the Republic of Chile on Trade in Organic Products",,,1190,urn:procedure-editor:MakingAvailableBody:5LQ5Ar74
1191,"Departmental lead for Agreement, done at Santiago on 30 January 2019, between the United Kingdom of Great Britain and Northern Ireland and the Republic of Chile on establishing an Association",,,1191,urn:procedure-editor:MakingAvailableBody:ni8aOEk3
1192,"Departmental lead for Agreement, done at London on 31 January 2019, between the United Kingdom of Great Britain and Northern Ireland and the Eastern and Southern Africa States on establishing an Economic Partnership Agreement",,,1192,urn:procedure-editor:MakingAvailableBody:ni8aOEk3
1193,"Departmental lead for Agreement, done at London on 18 January 2019, between the Government of the United Kingdom of Great Britain and Northern Ireland and the Government of Australia on Mutual Recognition in Relation to Conformity Assessment, Certificates and Markings",,,1193,urn:procedure-editor:MakingAvailableBody:ni8aOEk3
1194,"Departmental lead for Agreement, done at London on 21 January 2018, between the Government of the United Kingdom of Great Britain and Northern Ireland and the Government of New Zealand on Mutual Recognition in Relation to Conformity Assessment",,,1194,urn:procedure-editor:MakingAvailableBody:ni8aOEk3
1195,"Departmental lead for Agreement, done at Zurich on 17 December 2018, between the United Kingdom of Great Britain and Northern Ireland and the Swiss Confederation relating to Scheduled Air Services",,,1195,urn:procedure-editor:MakingAvailableBody:XouN12Ow
1196,Departmental lead for Agreement on Trade in Wine between the Government of the United Kingdom of Great Britain and Northern Ireland and the Government of Australia,,,1196,urn:procedure-editor:MakingAvailableBody:5LQ5Ar74
1197,Departmental lead for Agreement between the Government of the United Kingdom of Great Britain and Northern Ireland and the Government of New Zealand on Sanitary Measures Applicable to Trade in Live Animals and Animal Products,,,1197,urn:procedure-editor:MakingAvailableBody:5LQ5Ar74
1198,"Departmental lead for Agreement, done at London on 22 November 2006, between the Government of the United Kingdom of Great Britain and Northern Ireland and the Government of the Republic of Kazakhstan on International Road Transport",,,1198,urn:procedure-editor:MakingAvailableBody:XouN12Ow
1199,"Departmental lead for Agreement, done at Washington on 18 December 2018, between the Government of the United Kingdom of Great Britain and Northern Ireland and the Government of the United States of America on Prudential Measures regarding Insurance and Reinsurance",,,1199,urn:procedure-editor:MakingAvailableBody:HYfypSOE
1200,"Departmental lead for Protocol, done at Geneva 5 November 2015, amending the Annex to the Agreement on Trade in Civil Aircraft",,,1200,urn:procedure-editor:MakingAvailableBody:ni8aOEk3
1201,"Departmental lead for Convention, done at Interlaken on, 20 May 1987, on a common transit procedure",,,1201,urn:procedure-editor:MakingAvailableBody:HYfypSOE
1202,"Departmental lead for Agreement, done at London on 15 May 2018, between the Government of the United Kingdom of Great Britain and Northern Ireland and the Government of the Republic of Turkey on the Establishment, Functioning and Activities of Cultural Centres",,,1202,urn:procedure-editor:MakingAvailableBody:UIV7W27r
1203,"Departmental lead for Agreement, done at Canberra on 21 August 2018, between the Government of the United Kingdom of Great Britain and Northern Ireland and the Government of Australia on Cooperation in the Peaceful uses of Nuclear Energy",,,1203,urn:procedure-editor:MakingAvailableBody:yiuTaSI4
1204,"Departmental lead for Agreement, done at Vienna on 7 June 2018, between the United Kingdom of Great Britain and Northern Ireland and the International Atomic Energy Agency for the Application of Safeguards in the United Kingdom of Great Britain and Northern Ireland in Connection with the Treaty on the Non-proliferation of Nuclear Weapons",,,1204,urn:procedure-editor:MakingAvailableBody:yiuTaSI4
1205,"Departmental lead for Agreement, done at Washington on 4 May 2018, between the Government of the United Kingdom of Great Britain and Northern Ireland and the Government of the United States of America for Cooperation in Peaceful Uses of Nuclear Energy",,,1205,urn:procedure-editor:MakingAvailableBody:yiuTaSI4
1206,"Departmental lead for Protocol, done at Vienna on 7 June 2018, between the United Kingdom of Great Britain and Northern Ireland and the International Atomic Energy Agency for the Application of Safeguards in the United Kingdom of Great Britain and Northern Ireland in Connection with the Treaty on the Non-Proliferation of Nuclear Weapons",,,1206,urn:procedure-editor:MakingAvailableBody:yiuTaSI4
1207,"Departmental lead for Agreement, done at Ottawa on 2 November 2018, between the Government of United Kingdom of Great Britain and Northern Ireland and the Government of Canada for Cooperation in the Peaceful Uses of Nuclear Energy",,,1207,urn:procedure-editor:MakingAvailableBody:yiuTaSI4
1208,"Departmental lead for Convention, done at The Hague on 23 November 2007, on the International Recovery of Child Support and other forms of Family Maintenance",,,1208,urn:procedure-editor:MakingAvailableBody:BRTNQywN
1209,"Departmental lead for Convention, done at The Hague on 30 June 2005, on Choice of Court Agreements",,,1209,urn:procedure-editor:MakingAvailableBody:BRTNQywN
1210,"Departmental lead for Interim Agreement, done at Grand Baie Mauritius on 29 August 2009, between the Eastern and Southern African States and the European Community and its Member States on a Framework for an Economic Partnership Agreement",,,1210,urn:procedure-editor:MakingAvailableBody:ni8aOEk3
1211,"Departmental lead for Agreement, done at Kasane on 10 June 2016, between the European Union and its Member States and the SADC EPA States on Economic Partnership",,,1211,urn:procedure-editor:MakingAvailableBody:ni8aOEk3
1212,"Departmental lead for Agreement, done at Brussels on 28 July 2016, between Ghana and the European Community and its Member States, on the Stepping Stone Economic Partnership Agreement",,,1212,urn:procedure-editor:MakingAvailableBody:ni8aOEk3
1213,"Departmental lead for Treaty, done at Kuwait City on 28 January 2018, between the Government of the United Kingdom of Great Britain and Northern Ireland and the Government of the State of Kuwait on Mutual Legal Assistance in Criminal Matters",,,1213,urn:procedure-editor:MakingAvailableBody:NDZSYjeE
1214,"Departmental lead for Extradition Treaty, done at Kuwait City on 15 December 2016, between the Government of the United Kingdom of Great Britain and Northern Ireland and the Government of the State of Kuwait",,,1214,urn:procedure-editor:MakingAvailableBody:NDZSYjeE
1215,"Departmental lead for Comprehensive Economic and Trade Agreement done at Brussels on 30 October 2016, between Canada, of the one part, and the European Union and its Member States, of the other part",,,1215,urn:procedure-editor:MakingAvailableBody:ni8aOEk3
1216,"Departmental lead for Amendments to Protocol, done at Geneva on 18 December 2009, on Persistent Organic Pollutants; and Amendments to Protocol, done at Geneva on 13 December 2012, on Heavy Metals",,,1216,urn:procedure-editor:MakingAvailableBody:5LQ5Ar74
1217,"Departmental lead for Minamata Convention on Mercury, done at Kumamoto on 10 October 2013",,,1217,urn:procedure-editor:MakingAvailableBody:5LQ5Ar74
1218,"Departmental lead for Agreement, done at Geneva 6 July 1999, Concerning the Geneva Act of The Hague Agreement Concerning the International Registration of Industrial Designs",,,1218,urn:procedure-editor:MakingAvailableBody:yiuTaSI4
1219,"Departmental lead for Convention, done at Dublin on 1 February 2019, between the Government of the United Kingdom of Great Britain and Northern Ireland and the Government of Ireland on Social Security",,,1219,urn:procedure-editor:MakingAvailableBody:XbTBTDMo
1236,"Departmental lead for 1994 Agreement, done at Marrakesh on 15th April 1994, on Government Procurement",,,1236,urn:procedure-editor:MakingAvailableBody:7gnSwbLO
1237,"Departmental lead for Agreement, done at Washington on 14 February 2019, between the United Kingdom of Great Britain and Northern Ireland and the United States of America on Mutual Recognition of Certificates of conformity for Marine Equipment",,,1237,urn:procedure-editor:MakingAvailableBody:XouN12Ow
1238,"Departmental lead for Agreement, done at Washington on 14th February 2019,  between the Government of the United Kingdom of Great Britain and Northern Ireland and the United States of America on Mutual Recognition",,,1238,urn:procedure-editor:MakingAvailableBody:ni8aOEk3
1239,"Departmental lead for Revised Agreement, done at Geneva on 30 March 2012, on Government Procurement",,,1239,urn:procedure-editor:MakingAvailableBody:7gnSwbLO
1247,"Departmental lead for Agreement, done at Bern on 11 February 2019, between the United Kingdom of Great Britain and Northern Ireland and the Swiss Confederation on Trade",,,1247,urn:procedure-editor:MakingAvailableBody:ni8aOEk3
1291,"Departmental lead for Additional Agreement, done at Bern on 11 February 2019, between the Government of the United Kingdom of Great Britain and Northern Ireland and the Government of the Swiss Confederation and the Principality of Liechtenstein on extending to the Principality of Liechtenstein certain provisions of the Trade Agreement between the United Kingdom of Great Britain and Northern Ireland and the Swiss Confederation",,,1291,urn:procedure-editor:MakingAvailableBody:ni8aOEk3
1292,"Departmental lead for Agreement, done at Tel Aviv on 18 February 2019, between the Government of the United Kingdom of Great Britain and Northern Ireland and the Government of the State of Israel on Trade and Partnership",,,1292,urn:procedure-editor:MakingAvailableBody:ni8aOEk3
1293,Departmental lead for Agreement between the Government of the United Kingdom of Great Britain and Northern Ireland and the Government of the Republic of Serbia on International Road Transport,,,1293,urn:procedure-editor:MakingAvailableBody:XouN12Ow
1295,"Departmental lead for Agreement, done at Bern on 25 February 2019, between the United Kingdom of Great Britain and Northern Ireland and the Swiss Confederation on Citizens' Rights following the Withdrawal of the United Kingdom from the European Union and the Free Movement of Persons Agreement",,,1295,urn:procedure-editor:MakingAvailableBody:KSMOf7aM
1386,"Departmental lead for Agreement, done at Madrid on 21 January 2019, between the United Kingdom of Great Britain and Northern Ireland and the Kingdom of Spain on the Participation in Certain Elections of Nationals of Each Country Resident in the Territory of the Other",,,1386,urn:procedure-editor:MakingAvailableBody:7gnSwbLO
1387,"Departmental lead for International Agreement, done at London and Madrid on 4 March 2019,  on Taxation and the Protection of Financial Interests Between the United Kingdom of Great Britain and Northern Ireland and the Kingdom of Spain regarding Gibraltar",,,1387,urn:procedure-editor:MakingAvailableBody:UIV7W27r
1397,"Departmental lead for Agreement, done at London on 14 March 2019, between the United Kingdom of Great Britain and Northern Ireland, of the one part, and the Pacific States, of the other part on establishing an Interim Economic Partnership",,,1397,urn:procedure-editor:MakingAvailableBody:ni8aOEk3
1415,"Departmental lead for Agreement, done at London on 5 July 2018, between the Government of the United Kingdom of Great Britain and Northern Ireland and the Government of the Kingdom of Morocco regarding the System of British Schools in Morocco",,,1415,urn:procedure-editor:MakingAvailableBody:ni8aOEk3
1455,"Departmental lead for Agreement, done at Saint Lucia on 22 March 2019, between the United Kingdom of Great Britain and Northern Ireland and the CARIFORUM States, on Economic Partnership",,,1455,urn:procedure-editor:MakingAvailableBody:ni8aOEk3
1456,"Departmental lead for Voluntary Partnership Agreement, done at Jakarta on 29 March 2019, between the Government of the United Kingdom of Great Britain and Northern Ireland and the Republic of Indonesia on Forest Law Enforcement, Governance and Trade in Timber Products into the United Kingdom of Great Britain and Northern Ireland",,,1456,urn:procedure-editor:MakingAvailableBody:5LQ5Ar74
1463,"Departmental lead for Agreement, done at Minsk on 18 March 2019, between the Government of the United Kingdom of Great Britain and Northern Ireland and the Government of the Republic of Belarus concerning International Motor Vehicle Carriage",,,1463,urn:procedure-editor:MakingAvailableBody:XouN12Ow
1475,"Departmental lead for Agreement, done at London on 2 April 2019, between the United Kingdom of Great Britain and Northern Ireland, Iceland and the Kingdom of Norway on Trade in Goods",,,1475,urn:procedure-editor:MakingAvailableBody:ni8aOEk3
1498,"Departmental lead for Agreement, done at Oslo on 18 March 2019, between the Government of the United Kingdom of Great Britain and Northern Ireland and the Government of the Kingdom of Norway on International Road Transport",,,1498,urn:procedure-editor:MakingAvailableBody:XouN12Ow
1530,"Departmental lead for Agreement, done at Saint Lucia on 22 March 2019, between the United Kingdom of Great Britain and Northern Ireland and the CARIFORUM States, on Economic Partnership",,,1530,urn:procedure-editor:MakingAvailableBody:ni8aOEk3
1565,"Departmental lead for Agreement, done at Glasgow on 16 July 2013, between the United Kingdom of Great Britain and Northern Ireland and the European Space Agency on the European Space Agency's Sites and Facilities in the United Kingdom",,,1565,urn:procedure-editor:MakingAvailableBody:yiuTaSI4
1566,"Departmental lead for Protocol, done at Brussels on 28 January 2019, to the North Atlantic Treaty on the Accession of the Republic of North Macedonia",,,1566,urn:procedure-editor:MakingAvailableBody:UIV7W27r
1567,"Departmental lead for Agreement, done at Quito on 15 May 2019, between the United Kingdom of Great Britain and Northern Ireland and the Republic of Colombia, the Republic of Ecuador and the Republic of Peru on Trade",,,1567,urn:procedure-editor:MakingAvailableBody:ni8aOEk3
1576,"Departmental lead for Agreement, done at London on 5 March 2019, between the Government of the United Kingdom of Great Britain and Northern Ireland and the Government of the Commonwealth of the Bahamas on Air Services",,,1576,urn:procedure-editor:MakingAvailableBody:XouN12Ow
1577,"Departmental lead for Agreement, done at London on 24 July 2018, between the Government of the United Kingdom of Great Britain and Northern Ireland and the Government of the State of Kuwait on Air Services",,,1577,urn:procedure-editor:MakingAvailableBody:XouN12Ow
1581,"Departmental lead for Protocol, done at London on 7 June 2019, between the Government of the United Kingdom of Great Britain and Northern Ireland and the Government of Ukraine on International Road Transport",,,1581,urn:procedure-editor:MakingAvailableBody:XouN12Ow
1593,"Departmental lead for Protocol, done at Brussels on 6 February 2019, to the North Atlantic Treaty on the Accession of the Republic of North Macedonia",,,1593,urn:procedure-editor:MakingAvailableBody:UIV7W27r
1620,"Departmental lead for Agreement, done at Lisbon on 12 June 2019, between the United Kingdom of Great Britain and Northern Ireland and the Portuguese Republic regarding the Participation in Local Elections of Nationals of each State Resident in the Other's Territory",,,1620,urn:procedure-editor:MakingAvailableBody:UIV7W27r
1621,"Departmental lead for Agreement, done at Luxembourg on 18 June 2019, between the United Kingdom of Great Britain and Northern Ireland and the Grand Duchy of Luxembourg on the Participation in Certain Elections of Nationals of Each Country Resident in the Territory of the Other",,,1621,urn:procedure-editor:MakingAvailableBody:UIV7W27r
1622,"Departmental lead for Revised Agreement, done at Geneva on 30 March 2012, on Government Procurement on the Accession of Australia",,,1622,urn:procedure-editor:MakingAvailableBody:7gnSwbLO
1658,"Departmental lead for International Agreement, adopted at London on 28 September 2007, on Coffee",,,1658,urn:procedure-editor:MakingAvailableBody:5LQ5Ar74
1659,"Departmental lead for Agreement, done at Paris on 3 April 2001, establishing the International Organisation of Vine and Wine",,,1659,urn:procedure-editor:MakingAvailableBody:5LQ5Ar74
1660,"Departmental lead for International Agreement, adopted at Geneva on 20 March 1992, on Sugar",,,1660,urn:procedure-editor:MakingAvailableBody:5LQ5Ar74
1661,"Departmental lead for Convention, done at London on 7 December 1994, on the Grains Trade",,,1661,urn:procedure-editor:MakingAvailableBody:5LQ5Ar74
1662,"Departmental lead for Agreement, done at London on 10 July 2019, between the United Kingdom of Great Britain and Northern Ireland and the Swiss Confederation on Admission to the Labour market for a Temporary Transitional Period following the withdrawal of the United Kingdom from the European Union and the Free Movement of Persons Agreement",,,1662,urn:procedure-editor:MakingAvailableBody:KSMOf7aM
1666,Departmental lead for Additional Protocol to the Convention on the Contract for the International Carriage of Goods by Road (CMR) concerning the Electronic Consignment Note,,,1666,urn:procedure-editor:MakingAvailableBody:XouN12Ow
1667,"Departmental lead for Convention, done at Rome on 12 March 2019, establishing the Square Kilometre Array Observatory",,,1667,urn:procedure-editor:MakingAvailableBody:yiuTaSI4
2371,"Departmental lead for Agreement, done at Managua on 18 July 2019, between the United Kingdom of Great Britain and Northern Ireland and Central America",,,2371,urn:procedure-editor:MakingAvailableBody:UIV7W27r
2379,"Departmental lead for Treaty, done at Belize City on 19 September 2018, between the Government of the United Kingdom of Great Britain and Northern Ireland and the Government of Belize concerning the Status of United Kingdom of Great Britain and Northern Ireland Forces in Belize and Defence Cooperation",,,2379,urn:procedure-editor:MakingAvailableBody:DkHdH4kZ
2386,"Departmental lead for Agreement, done at London on 5th March 2019, between the United Kingdom of Great Britain and Northern Ireland and Montenegro on supplementing the European Convention on Extradition of 13 December 1957 and aimed at facilitating its application",,,2386,urn:procedure-editor:MakingAvailableBody:NDZSYjeE
2425,"Departmental lead for Free Trade Agreement, done at London on 22 August 2019, between the United Kingdom of Great Britain and Northern Ireland and the Republic of Korea",,,2425,urn:procedure-editor:MakingAvailableBody:ni8aOEk3
2434,"Departmental lead for Agreement, done at London on 3 September 2019, between the Government of the United Kingdom of Great Britain and Northern Ireland and the Government of Montenegro on International Road Transport",,,2434,urn:procedure-editor:MakingAvailableBody:XouN12Ow
2440,"Departmental lead for Marrakesh Treaty to facilitate access to published works for persons who are blind, visually impaired, or otherwise print disabled.",,,2440,urn:procedure-editor:MakingAvailableBody:7dSvuueH
2450,"Departmental lead for Protocol, done at Berlin on 19 March 2018, to the Convention concerning the Construction and Operation of a European X-ray Free-electron Laser Facility on the Accession of the United Kingdom of Great Britain and Northern Ireland",,,2450,urn:procedure-editor:MakingAvailableBody:yiuTaSI4
2459,"Departmental lead for Agreement, done at Washington on 3rd October 2019, between the Government of the United Kingdom of Great Britain and Northern Ireland and the United States of America on Access to Electronic Data for the Purpose of Countering Serious Crime",,,2459,urn:procedure-editor:MakingAvailableBody:NDZSYjeE
2487,"Departmental lead for Agreement, done at London on 3 September 2019, between the Government of the United Kingdom of Great Britain and Northern Ireland and the Government of Montenegro on Air Services",,,2487,urn:procedure-editor:MakingAvailableBody:XouN12Ow
2503,"Departmental lead for Agreement, done at London on 19 September 2019, establishing an Association between the United Kingdom of Great Britain and Northern Ireland and the Republic of Lebanon",,,2503,urn:procedure-editor:MakingAvailableBody:ni8aOEk3
2507,"Departmental lead for Agreement done at London on 4 October 2019, establishing an association between the United Kingdom of Great Britain and Northern Ireland and the Republic of Tunisia",,,2507,urn:procedure-editor:MakingAvailableBody:UIV7W27r
2531,"Departmental lead for Strategic Partnership and Cooperation Agreement, done at London on 21 October 2019, between the United Kingdom of Great Britain and Northern Ireland and Georgia",,,2531,urn:procedure-editor:MakingAvailableBody:UIV7W27r
2532,"Departmental lead for Economic Partnership Agreement, done at London on 9 October 2019, between the United Kingdom of Great Britain and Northern Ireland, of the one part, and the Southern African Customs Union Member States and Mozambique, of the other part",,,2532,urn:procedure-editor:MakingAvailableBody:ni8aOEk3
2547,"Departmental lead for Agreement, done at Amman on 5 November 2019, establishing an Association between the Government of the United Kingdom of Great Britain and Northern Ireland and the Government of the Hashemite Kingdom of Jordan",,,2547,urn:procedure-editor:MakingAvailableBody:UIV7W27r
2548,"Departmental lead for Agreement, done at London on 26 October, between the Government of the United Kingdom of Great Britain and Northern Ireland and the Government of the Kingdom of Morocco establishing an Association",,,2548,urn:procedure-editor:MakingAvailableBody:UIV7W27r
2549,"Departmental lead for Partnership and Cooperation Agreement, done at Tashkent on 31 October 2019, between the Government of the United Kingdom of Great Britain and Northern Ireland, of the one part, and the Government of the Republic of Uzbekistan, of the other part",,,2549,urn:procedure-editor:MakingAvailableBody:UIV7W27r
2550,"Departmental lead for Partnership, Trade and Cooperation Agreement, done at Pristina on 3 December 2019, between the Government of the United Kingdom of Great Britain and Northern Ireland and the Government of the Republic of Kosovo",,,2550,urn:procedure-editor:MakingAvailableBody:UIV7W27r
2551,"Departmental lead for Transitional Agreement, done at London on 31 October 2019, between the Government of the United Kingdom of Great Britain and Northern Ireland and the Swiss Confederation on Social Security for a Temporary Period following the Withdrawal of the United Kingdom from the European Union and the Free Movement of Persons Agreement",,,2551,urn:procedure-editor:MakingAvailableBody:KSMOf7aM
2614,"Departmental lead for Agreement, done at London on 28 January 2020, between the United Kingdom of Great Britain and Northern Ireland and Iceland, the Principality of Liechtenstein and the Kingdom of Norway following the withdrawal of the United Kingdom from the European Union, the EEA Agreement and other arrangements applicable between the United Kingdom and the EEA EFTA States by virtue of the United Kingdom's membership of the European Union",,,2614,urn:procedure-editor:MakingAvailableBody:KSMOf7aM
2743,"Departmental lead for Convention, done at Rotterdam on 30 January 2017, on Cinematographic Co-Production (Revised)",,,2743,urn:procedure-editor:MakingAvailableBody:ZU3IXBtP
2900,"Departmental lead for Agreement, done at London on 26 October 2019, in the form of an exchange of notes between the Government of the United Kingdom of Great Britain and Northern Ireland and the Government of the Kingdom of Morocco in respect of Protocol 4 of the Agreement establishing an Association between the United Kingdom of Great Britain and Northern Ireland and the Kingdom of Morocco",,,2900,urn:procedure-editor:MakingAvailableBody:UIV7W27r
2931,"Departmental lead for Agreement, done at Warsaw on 29 May 2020, between the United Kingdom of Great Britain and Northern Ireland and the Republic of Poland on the Participation in Certain Elections of Nationals of Each Country Resident in the Territory of the Other",,,2931,urn:procedure-editor:MakingAvailableBody:UIV7W27r
3167,"Departmental lead for Agreement, done at Brussels on 7 July 2020, between the Government of the French Republic, the Government of the Kingdom of Belgium, the Government of the Kingdom of the Netherlands and the Government of the United Kingdom of Great Britain and Northern Ireland amending and supplementing the Agreement between the Government of the Kingdom of Belgium, the Government of the French Republic and the Government of the United Kingdom of Great Britain and Northern Ireland, concerning Rail Traffic between Belgium and the United Kingdom using the Channel Fixed Link with Protocol, done at Brussels on 15 December 1993",,,3167,urn:procedure-editor:MakingAvailableBody:NDZSYjeE
3168,"Departmental lead for Agreement, done at The Hague on 10 July 2020, between the Government of the United Kingdom of Great Britain and Northern Ireland and the Government of the Kingdom of the Netherlands concerning Border Controls on Rail Traffic between the Netherlands and the United Kingdom using the Channel Fixed Link",,,3168,urn:procedure-editor:MakingAvailableBody:NDZSYjeE
3169,"Departmental lead for Special Arrangement, done at Brussels on 7 July 2020, between the Government of the French Republic, the Government of the Kingdom of Belgium, the Government of the Kingdom of the Netherlands and the Government of the United Kingdom of Great Britain and Northern Ireland concerning Security Matters relating to Trains using the Channel Fixed Link",,,3169,urn:procedure-editor:MakingAvailableBody:XouN12Ow
3209,"Departmental lead for Final Act of the International Conference and Decision by the Energy Charter Conference in respect of the Amendment to the Trade-Related Provisions of the Energy Charter Treaty, done at Brussels on 24 April 1998",,,3209,urn:procedure-editor:MakingAvailableBody:yiuTaSI4
3336,"Departmental lead for Amended Schedules to the Agreement on Government Procurement as a result of the Protocol, done at Geneva on 30 March 2012, Amending the Agreement on Government Procurement entering into force for Switzerland",,,3336,urn:procedure-editor:MakingAvailableBody:7gnSwbLO
3395,"Departmental lead for Agreement, done at Washington on 16 June 2020, in the form of an exchange of notes between the Government of the United Kingdom of Great Britain and Northern Ireland and the Government of the United States of America on Technology Safeguards associated with United States Participation in Space Launches from the United Kingdom",,,3395,urn:procedure-editor:MakingAvailableBody:yiuTaSI4
3403,"Departmental lead for Framework Agreement on Fisheries, done at London on 30 September 2020,  between the United Kingdom of Great Britain and Northern Ireland and the Kingdom of Norway",,,3403,urn:procedure-editor:MakingAvailableBody:5LQ5Ar74
3430,"Departmental lead for Agreement, done at Tokyo on 23 October 2020, between the United Kingdom of Great Britain and Northern Ireland and Japan for a Comprehensive Economic Partnership",,,3430,urn:procedure-editor:MakingAvailableBody:ni8aOEk3
3455,"Departmental lead for Agreement, done at London on 13 October 2020, between the United Kingdom of Great Britain and Northern Ireland and the Government of the Kingdom of Norway on the continued application and amendment of the convention providing for the reciprocal recognition and enforcement of judgements in civil matters",,,3455,urn:procedure-editor:MakingAvailableBody:BRTNQywN
3465,"Departmental lead for Political, Free Trade and Strategic Partnership Agreement, done at London on 8 October 2020, between the United Kingdom of Great Britain and Northern Ireland and Ukraine ",,,3465,urn:procedure-editor:MakingAvailableBody:ni8aOEk3
3482,"Departmental lead for Stepping Stone Economic Partnership Agreement, done at London on 15 October 2020, between the United Kingdom of Great Britain and Northern Ireland, of the one part, and C?te d'Ivoire, of the other part",,,3482,urn:procedure-editor:MakingAvailableBody:ni8aOEk3
3483,"Departmental lead for Framework Agreement on Fisheries, done at Copenhagen on 29 October 2020, between the Government of the United Kingdom of Great Britain and Northern Ireland and the Government of the Faroes",,,3483,urn:procedure-editor:MakingAvailableBody:5LQ5Ar74
3484,"Departmental lead for Convention, done at Lugano on 30 October 2007, on Jurisdiction and the Recognition and Enforcement of Judgments in Civil and Commercial Matters and Amendments to the Convention of 2011/2014/2016",,,3484,urn:procedure-editor:MakingAvailableBody:BRTNQywN
3535,"Departmental lead for Air Transport Agreement, done at Washington on 10 November 2020 and at London on 17 November 2020, between the Government of the United Kingdom of Great Britain and Northern Ireland and the Government of the United States of America",,,3535,urn:procedure-editor:MakingAvailableBody:XouN12Ow
3566,"Departmental lead for Agreement, done at Mexico City on 30 November 2020, between the United Kingdom of Great Britain and Northern Ireland and the United Mexican States on the mutual recognition and protection of designations for spirit drinks",,,3566,urn:procedure-editor:MakingAvailableBody:5LQ5Ar74
3590,"Departmental lead for Agreement, done at Ottawa on 9 December 2020, between the United Kingdom of Great Britain and Northern Ireland and Canada on Trade Continuity",,,3590,urn:procedure-editor:MakingAvailableBody:ni8aOEk3
3591,"Departmental lead for Partnership, Trade and Cooperation Agreement, done at Skopje on 3 December 2020, between the United Kingdom of Great Britain and Northern Ireland and the Republic of North Macedonia",,,3591,urn:procedure-editor:MakingAvailableBody:BnJUNszl
3597,"Departmental lead for Agreement, done at Cairo on 5 December 2020, establishing an Association between the United Kingdom of Great Britain and Northern Ireland and the Arab Republic of Egypt",,,3597,urn:procedure-editor:MakingAvailableBody:BnJUNszl
3604,"Departmental lead for Free Trade Agreement, done at Singapore on 10 December 2020, between the United Kingdom of Great Britain and Northern Ireland and the Republic of Singapore",,,3604,urn:procedure-editor:MakingAvailableBody:ni8aOEk3
3620,"Departmental lead for Agreement, done at London on 8 December 2020, between the United Kingdom of Great Britain and Northern Ireland and Iceland and the Kingdom of Norway on Trade in Goods",,,3620,urn:procedure-editor:MakingAvailableBody:ni8aOEk3
3628,"Departmental lead for Economic Partnership Agreement, done at London on 8 December 2020, between the United Kingdom of Great Britain and Northern Ireland, of the one part, and the Republic of Kenya, a Member of the East African Community, of the other part",,,3628,urn:procedure-editor:MakingAvailableBody:ni8aOEk3
3670,"Departmental lead for Free Trade Agreement, done at London on 29 December 2020, between the United Kingdom of Great Britain and Northern Ireland and the Socialist Republic of Viet Nam",,,3670,urn:procedure-editor:MakingAvailableBody:ni8aOEk3
3684,"Departmental lead for Agreement, done at Pristina on 11 December 2020, between the Government of the United Kingdom of Great Britain and Northern Ireland and the Government of the Republic of Kosovo on International Road Transport",,,3684,urn:procedure-editor:MakingAvailableBody:XouN12Ow
3688,"Departmental lead for Agreement, done at Sarajevo on 1 December 2020, between the Government of the United Kingdom of Great Britain and Northern Ireland and the Council of Ministers of Bosnia and Herzegovina on International Road Transport",,,3688,urn:procedure-editor:MakingAvailableBody:XouN12Ow
3712,"Departmental lead for Strategic Partnership, Trade and Cooperation Agreement, done at Chisinau on 24 December 2020, between the United Kingdom of Great Britain and Northern Ireland and the Republic of Moldova",,,3712,urn:procedure-editor:MakingAvailableBody:BnJUNszl
3720,"Departmental lead for Agreement, done at London on 9 December and Berne on 15 December 2020, between the United Kingdom of Great Britain and Northern Ireland and the Swiss Confederation on Police Cooperation",,,3720,urn:procedure-editor:MakingAvailableBody:NDZSYjeE
3739,"Departmental lead for Temporary Agreement, done at London on 14 December 2020, between the United Kingdom of Great Britain and Northern Ireland and the Swiss Confederation on Services Mobility (with Exchange of Letters)",,,3739,urn:procedure-editor:MakingAvailableBody:ni8aOEk3
3799,"Departmental lead for Headquarters Agreement, done at London on 3 February and Paris on 9 February 2021, between the Government of the United Kingdom of Great Britain and Northern Ireland and the Square Kilometre Array Observatory",,,3799,urn:procedure-editor:MakingAvailableBody:yiuTaSI4
3800,"Departmental lead for Partnership, Trade and Cooperation Agreement, done at Tirana on 5 February 2021, between the United Kingdom of Great Britain and Northern Ireland and the Republic of Albania",,,3800,urn:procedure-editor:MakingAvailableBody:BnJUNszl
3810,"Departmental lead for Agreement, done at Oslo on 16 December 2020, between the Government of the United Kingdom of Great Britain and Northern Ireland and the Kingdom of Norway concerning Air Services",,,3810,urn:procedure-editor:MakingAvailableBody:XouN12Ow
3811,"Departmental lead for Agreement, done at Reykjavik on 9 December and London on 16 December 2020, between the Government of the United Kingdom of Great Britain and Northern Ireland and the Government of Iceland concerning Air Services",,,3811,urn:procedure-editor:MakingAvailableBody:XouN12Ow
3823,"Departmental lead for Free Trade Agreement, done at Ankara on 29 December 2020, between the United Kingdom of Great Britain and Northern Ireland and the Republic of Turkey (with Exchange of Letters)",,,3823,urn:procedure-editor:MakingAvailableBody:ni8aOEk3
3836,"Departmental lead for Trade Continuity Agreement, done at Mexico City on 15 December 2020, between the United Kingdom of Great Britain and Northern Ireland and the United Mexican States",,,3836,urn:procedure-editor:MakingAvailableBody:ni8aOEk3
3989,"Departmental lead for Interim Agreement establishing an Economic Partnership Agreement, done at London on 9 March 2021, between the United Kingdom of Great Britain and Northern Ireland, of the one part and the Republic of Cameroon, of the other part",,,3989,urn:procedure-editor:MakingAvailableBody:ni8aOEk3
3990,"Departmental lead for Interim Trade Partnership Agreement, done at London on 2 March 2021, between the United Kingdom of Great Britain and Northern Ireland, of the one part and the Republic of Ghana, of the other part",,,3990,urn:procedure-editor:MakingAvailableBody:ni8aOEk3
4035,"Departmental lead for Partnership, Trade and Cooperation Agreement, done at Belgrade on 16 April 2021, between the Government of the United Kingdom of Great Britain and Northern Ireland and the Government of the Republic of Serbia",,,4035,urn:procedure-editor:MakingAvailableBody:BnJUNszl
4064,"Departmental lead for Treaty, done at Iquitos on 19 May 2018, on the Mutual Recognition of Degrees between the United Kingdom of Great Britain and Northern Ireland and the Republic of Peru (with Exchange of Notes)",,,4064,urn:procedure-editor:MakingAvailableBody:7dSvuueH
4104,"Departmental lead for Protocol, done at London on 16 December 2020, amending the Agreement between the Government of the United Kingdom of Great Britain and Northern Ireland and the Government of Japan for Co-operation in the Peaceful Uses of Nuclear Energy (with Agreed Minutes)",,,4104,urn:procedure-editor:MakingAvailableBody:yiuTaSI4
4138,"Departmental lead for Agreement, done at Tallinn on 11 March 2021, between the United Kingdom of Great Britain and Northern Ireland and the Republic of Estonia concerning the Protection of Classified Information",,,4138,urn:procedure-editor:MakingAvailableBody:7gnSwbLO
4139,"Departmental lead for Agreement, done at Bern on 1 June 2021, between the United Kingdom of Great Britain and Northern Ireland and the Swiss Confederation on the Mutual Recognition of their Authorised Economic Operator Programmes",,,4139,urn:procedure-editor:MakingAvailableBody:HYfypSOE
4140,"Departmental lead for Protocol, done at Moscow on 27 May 2021, of amendments to the Agreement,between the Government of the United Kingdom of Great Britain and Northern Ireland and the Government of the Soviet Union concerning the Prevention of Incidents at Sea beyond the Territorial Sea 15 July 1986",,,4140,urn:procedure-editor:MakingAvailableBody:DkHdH4kZ
4145,"Departmental lead for Agreement, done at Riga on 17 December 2020, between the Government of the United Kingdom of Great Britain and Northern Ireland and the Government of the Republic of Latvia concerning the Protection of Classified Information",,,4145,urn:procedure-editor:MakingAvailableBody:7gnSwbLO
4160,"Departmental lead for Agreement, done at Brussels on 1 December 2020, between the Government of the United Kingdom of Great Britain and Northern Ireland and the Government of the Kingdom of Belgium concerning the Protection of Classified Information",,,4160,urn:procedure-editor:MakingAvailableBody:7gnSwbLO
4168,"Departmental lead for Agreement, done at Rome on 22 September 2020, between the Government of the United Kingdom of Great Britain and Northern Ireland and the Government of the Italian Republic concerning the Protection of Classified Information",,,4168,urn:procedure-editor:MakingAvailableBody:5LQ5Ar74
4213,"Departmental lead for Free Trade Agreement, done at London on 8 July 2021, between Iceland, the Principality of Liechtenstein and the Kingdom of Norway and the United Kingdom of Great Britain and Northern Ireland",,,4213,urn:procedure-editor:MakingAvailableBody:g8hByIik
4225,"Departmental lead for Global Convention, done at Paris on 25 November 2019, on the Recognition of Qualifications concerning Higher Education",,,4225,urn:procedure-editor:MakingAvailableBody:7dSvuueH
4304,"Departmental lead for Agreement, done at Tirana on 8 July 2021, between the Government of the United Kingdom of Great Britain and Northern Ireland and the Council of Ministers of the Republic of Albania on the Readmission of Persons",,,4304,urn:procedure-editor:MakingAvailableBody:NDZSYjeE
4305,"Departmental lead for Agreement, done at Lisbon on 24 June 2021, between the United Kingdom of Great Britain and Northern Ireland and Portuguese Republic regarding the Employment of Members of the Family Forming Part of the Household of Members of Diplomatic Missions and Consular Posts",,,4305,urn:procedure-editor:MakingAvailableBody:BnJUNszl
4329,"Departmental lead for Convention, done at London on 9 September 2021, on Social Security Coordination between the United Kingdom of Great Britain and Northern Ireland and the Swiss Confederation",,,4329,urn:procedure-editor:MakingAvailableBody:XbTBTDMo
4337,"Departmental lead for Treaty, done at St John?s on 27 July 2021, between the Government of the United Kingdom of Great Britain and Northern Ireland and the Government of Antigua and Barbuda establishing a Maritime Boundary between Anguilla and Antigua and Barbuda",,,4337,urn:procedure-editor:MakingAvailableBody:BnJUNszl
4347,"Departmental lead for Proposal of Amendment to Article 1 and new Article 34 BIS of the 1968 Convention on Road Traffic, done at Geneva on 21?25 September 2020",,,4347,urn:procedure-editor:MakingAvailableBody:XouN12Ow
4362,"Departmental lead for Agreement, done at London on 26 July 2021, between the United Kingdom of Great Britain and Northern Ireland and the Republic of Albania on the transfer of sentenced persons",,,4362,urn:procedure-editor:MakingAvailableBody:BRTNQywN
4418,"Departmental lead for International Convention, done at London on 13 February 2004, for the Control and Management of Ships? Ballast Water and Sediments, 2004 (as amended)",,,4418,urn:procedure-editor:MakingAvailableBody:XouN12Ow
4429,"Departmental lead for International Labour Organisation: Violence and Harassment Convention, 2019 (No.190), done at Geneva on 21 June 2019",,,4429,urn:procedure-editor:MakingAvailableBody:XbTBTDMo
4447,"Departmental lead for Framework Agreement, done at London on 12 November 2021, between the Government of the United Kingdom of Great Britain and Northern Ireland and the Government of Ukraine on Official Credit Support for the Development of the Capabilities of the Ukrainian Navy",,,4447,urn:procedure-editor:MakingAvailableBody:ni8aOEk3
4456,"Departmental lead for Agreement, done at London on 27 July 2021, between the Government of the United Kingdom of Great Britain and Northern Ireland and the Government of the Republic of Kenya on Defence Cooperation",,,4456,urn:procedure-editor:MakingAvailableBody:DkHdH4kZ
4464,"Departmental lead for Agreement, done at Canberra on 22 November 2021, between the Government of the United Kingdom of Great Britain and Northern Ireland, the Government of Australia and the Government of the United States of America for the Exchange of Naval Nuclear Propulsion Information",,,4464,urn:procedure-editor:MakingAvailableBody:DkHdH4kZ
4612,"Departmental lead for Agreement, done at Paris on 15 December 2021 and at London on 11 January 2022, between the Government of the United Kingdom of Great Britain and Northern Ireland and the Government of the French Republic concerning Railway Undertaking Licences in respect of Rail Transport Services through the Channel Fixed Link",,,4612,urn:procedure-editor:MakingAvailableBody:XouN12Ow
4626,"Departmental lead for Agreement, done at London and Paris on 09 and 22 December 2021, between the Government of the United Kingdom of Great Britain and Northern Ireland and the Government of the French Republic concerning Train Driving Licences and Complementary Certificates in respect of Rail Transport through the Channel Fixed Link",,,4626,urn:procedure-editor:MakingAvailableBody:XouN12Ow
4665,"Departmental lead for Agreement, done at London on 26 January 2022, between the Government of the United Kingdom of Great Britain and Northern Ireland and the Government of the Republic of Serbia on the Readmission of Persons Residing without Authorisation",,,4665,urn:procedure-editor:MakingAvailableBody:NDZSYjeE
4684,"Departmental lead for Sixth Protocol, done at Paris on 15 September 2021, to the Convention of 19 January 1967, as amended by the Protocol of 6 July 1971, between the Government of the French Republic and the Government of the Federal Republic of Germany on the Construction and Operation of a Very High Neutron Flux Reactor, as further amended by the Agreement of 19 July 1974 between the above-mentioned two Governments and the Government of the United Kingdom of Great Britain and Northern Ireland concerning that Government?s Accession to the Convention, by the Protocol of 27 July 1976, the Second Protocol of 9 December 1981, the Third Protocol of 25 March 1993, the Fourth Protocol of 4 December 2002 and the Fifth Protocol of 1 July 2013 between the above-mentioned three Governments",,,4684,urn:procedure-editor:MakingAvailableBody:yiuTaSI4
4685,"Departmental lead for Convention, done at Paris on 27 January 2021, on the International Organization for Marine Aids to Navigation",,,4685,urn:procedure-editor:MakingAvailableBody:XouN12Ow
4720,"Departmental lead for Digital Economy Agreement, done in Singapore on 25 February 2022, between the United Kingdom of Great Britain and Northern Ireland and the Republic of Singapore",,,4720,urn:procedure-editor:MakingAvailableBody:ni8aOEk3
4838,"Departmental lead for Agreement, done at London on 18 March 2022, between the Government of the United Kingdom of Great Britain and Northern Ireland and the Government of Canada on Customs Cooperation and Mutual Assistance in Customs Matters",,,4838,urn:procedure-editor:MakingAvailableBody:BnJUNszl
4868,"Departmental lead for Agreement, done at Paris on 26 July 2021, between the Government of the United Kingdom of Great Britain and Northern Ireland and the Government of the French Republic on Cooperation in Matters relating to Maritime and Port Security, and specifically, in relation to Passenger Vessels in the Channel",,,4868,urn:procedure-editor:MakingAvailableBody:NDZSYjeE
4878,"Departmental lead for Council of Europe Convention, done at Istanbul on 11 May 2011, on Preventing and Combating Violence against Women and Domestic Violence",,,4878,urn:procedure-editor:MakingAvailableBody:NDZSYjeE
4956,"Departmental lead for Free Trade Agreement, done at London on 16 December 2021 and Adelaide on 17 December 2021, between the United Kingdom of Great Britain and Northern Ireland and Australia",,,4956,urn:procedure-editor:MakingAvailableBody:ni8aOEk3
4957,"Departmental lead for Protocol, done at Montreal on 6 October 2016, relating to an Amendment to Article 50(a) of the Convention on International Civil Aviation",,,4957,urn:procedure-editor:MakingAvailableBody:XouN12Ow
4958,"Departmental lead for Protocol, done at Montreal on 6 October 2016, relating to an Amendment to Article 56 of the Convention on International Civil Aviation",,,4958,urn:procedure-editor:MakingAvailableBody:XouN12Ow
4959,"Departmental lead for Decision No 2/2021 of the UK?Switzerland Trade Joint Committee of 16 July 2021, done at London and Bern on 16 July 2021, amending the Appendix to Annex 1 of the Trade Agreement between the Swiss Confederation and the United Kingdom of Great Britain and Northern Ireland done at Bern on 11 February 2019",,,4959,urn:procedure-editor:MakingAvailableBody:ni8aOEk3
5015,"Departmental lead for Protocol, done at Brussels on 5 July 2022, to the North Atlantic Treaty on the Accession of the Kingdom of Sweden",,,5015,urn:procedure-editor:MakingAvailableBody:BnJUNszl
5016,"Departmental lead for Protocol, done at Brussels on 5 July 2022, to the North Atlantic Treaty on the Accession of the Republic of Finland",,,5016,urn:procedure-editor:MakingAvailableBody:BnJUNszl
5036,"Departmental lead for Second Additional Protocol, done at Strasbourg on 12 May 2022, to the Convention on Cybercrime on Enhanced Co-operation and Disclosure of Electronic Evidence",,,5036,urn:procedure-editor:MakingAvailableBody:NDZSYjeE
5197,"Departmental lead for Free Trade Agreement, done at London on 28 February 2022, between the United Kingdom of Great Britain and Northern Ireland and New Zealand",,,5197,urn:procedure-editor:MakingAvailableBody:ni8aOEk3
5287,"Departmental lead for Agreement, done at London on 17 November 2022, between the Government of the Swiss Confederation and the Government of the United Kingdom of Great Britain and Northern Ireland on mutual recognition in relation to conformity assessment",,,5287,urn:procedure-editor:MakingAvailableBody:ni8aOEk3
5305,"Departmental lead for Protocol, done at Strasbourg on 22 November 2017, amending the Additional Protocol to the Convention on the Transfer of Sentenced Persons",,,5305,urn:procedure-editor:MakingAvailableBody:BRTNQywN
5391,"Departmental lead for Agreement, done at Rome on 22 September 2022, between the Government of the United Kingdom of Great Britain and Northern Ireland and the Government of the Italian Republic concerning Mutual Recognition of Driving Licences for the Purposes of Exchange",,,5391,urn:procedure-editor:MakingAvailableBody:XouN12Ow
5454,"Departmental lead for Agreement, done at London on 26 January 2023, between the Government of the United Kingdom of Great Britain and Northern Ireland and the Government of Georgia on the Readmissions of Persons Residing without Admission",,,5454,urn:procedure-editor:MakingAvailableBody:NDZSYjeE
5460,"Departmental lead for Agreement, done at London on 11 January 2023, between the United Kingdom of Great Britain and Northern Ireland and Japan concerning the Facilitation of Reciprocal Access and Cooperation between the Self-Defense Forces of Japan and the Armed Forces of the United Kingdom of Great Britain and Northern Ireland",,,5460,urn:procedure-editor:MakingAvailableBody:DkHdH4kZ
5468,"Departmental lead for Agreement, done at London and Kyiv on 4 May 2022, between the Government of the United Kingdom of Great Britain and Northern Ireland and the Government of Ukraine to amend the Political, Free Trade and Strategic Partnership Agreement between the United 
Kingdom of Great Britain and Northern Ireland and Ukraine",,,5468,urn:procedure-editor:MakingAvailableBody:iOu7GKad
5566,"Departmental lead for Decision No. 2/2022 of the EEA EFTA-United Kingdom Joint Committee, done at London on 21 September 2022, amending Annex XX to the Agreement on International Mobile Roaming Rates under the Free Trade Agreement between the Government of Iceland, the Government of the Principality of Liechtenstein and the Government of the Kingdom of Norway and the Government of the United Kingdom of Great Britain and Northern Ireland",,,5566,urn:procedure-editor:MakingAvailableBody:iOu7GKad
5568,"Departmental lead for Financing Agreement, done at Brussels on 13 and 15 March 2023, between the United Kingdom of Great Britain and Northern Ireland, Ireland and the European Commission on the PEACE PLUS Programme 2021?2027",,,5568,urn:procedure-editor:MakingAvailableBody:iZhvs5JB
5569,"Departmental lead for International Sugar Agreement, 1992 - Articles for Reform",,,5569,urn:procedure-editor:MakingAvailableBody:5LQ5Ar74
5570,"Departmental lead for Agreement, done at London, 2 February 2023 and at Lyon, 20 February 2023
between the Government of the United Kingdom of Great Britain and Northern Ireland and the International Criminal Police Organization - INTERPOL on the Privileges and Immunities of INTERPOL on the Territory of the United Kingdom of Great Britain and Northern Ireland",,,5570,urn:procedure-editor:MakingAvailableBody:BnJUNszl
5613,"Departmental lead for Agreement, done at London on 23 January and Paris on 8 February 2023, between the Government of the United Kingdom of Great Britain and Northern Ireland and the Government of the French Republic concerning safety certification in respect of rail transport services through the Channel Fixed Link",,,5613,urn:procedure-editor:MakingAvailableBody:XouN12Ow
5636,"Departmental lead for Agreement, done at Madrid on 15 March 2023, between the Government of the United Kingdom of Great Britain and Northern Ireland and the Government of the Kingdom of Spain in the form of an Exchange of Notes on the Reciprocal Recognition and Exchange of National Driving Licences and on the Exchange of Information on Road Safety Related Traffic Offences",,,5636,urn:procedure-editor:MakingAvailableBody:XouN12Ow
5662,"Departmental lead for Digital Trade Agreement, done at London and Kyiv on 20 March, 5 and 11 May 2023, between the Government of the United Kingdom of Great Britain and Northern Ireland and the Government of Ukraine",,,5662,urn:procedure-editor:MakingAvailableBody:iOu7GKad
5682,"Departmental lead for Agreement, done at Skopje on 10 December 2021, between the United Kingdom of Great Britain and Northern Ireland and the Republic of North Macedonia amending the Partnership, Trade and Cooperation Agreement between the United Kingdom of Great Britain and Northern Ireland and the Republic of North Macedonia",,,5682,urn:procedure-editor:MakingAvailableBody:iOu7GKad
5683,"Departmental lead for Agreement, done at Kyiv on 18 August 2022, between the United Kingdom of Great Britain and Northern Ireland and Ukraine amending the Political, Free Trade and Strategic Partnership Agreement between the United Kingdom of Great Britain and Northern Ireland and Ukraine",,,5683,urn:procedure-editor:MakingAvailableBody:iOu7GKad
5697,"Departmental lead for Amending Agreement No.1, done at Chi?in?u on 25 May 2023, between the United Kingdom of Great Britain and Northern Ireland and the Republic of Moldova to amend the Strategic Partnership, Trade and Cooperation Agreement between the United Kingdom of Great Britain and Northern Ireland and the Republic of Moldova",,,5697,urn:procedure-editor:MakingAvailableBody:iOu7GKad
5705,Departmental lead for Negotiations for a potential agreement between the UK and Canada,,,5705,urn:procedure-editor:MakingAvailableBody:iOu7GKad
5706,Departmental lead for Negotiations for a potential agreement between the UK and India,,,5706,urn:procedure-editor:MakingAvailableBody:iOu7GKad
5707,"Departmental lead for Protocol, done at Auckland and Bandar Seri Begawan on 16 July 2023, on the Accession of the United Kingdom of Great Britain and Northern Ireland to the Comprehensive and Progressive Agreement for Trans-Pacific Partnership",,,5707,urn:procedure-editor:MakingAvailableBody:iOu7GKad
5710,Departmental lead for Negotiations for a potential agreement between the UK and USA,,,5710,urn:procedure-editor:MakingAvailableBody:iOu7GKad
5711,Departmental lead for Negotiations for a potential agreement between the UK and Greenland,,,5711,urn:procedure-editor:MakingAvailableBody:iOu7GKad
5712,Departmental lead for Negotiations for a potential agreement between the UK and Mexico,,,5712,urn:procedure-editor:MakingAvailableBody:iOu7GKad
5713,Departmental lead for Negotiations for a potential agreement between the UK  and the Gulf Cooperation Council ,,,5713,urn:procedure-editor:MakingAvailableBody:iOu7GKad
5714,Departmental lead for Negotiations for a potential agreement between the UK and Israel,,,5714,urn:procedure-editor:MakingAvailableBody:iOu7GKad
5715,Departmental lead for Negotiations for a potential agreement between the UK and the Republic of Korea,,,5715,urn:procedure-editor:MakingAvailableBody:iOu7GKad
5716,Departmental lead for Negotiations for a potential agreement between the UK and Singapore,,,5716,urn:procedure-editor:MakingAvailableBody:iOu7GKad
5717,Departmental lead for Negotiations for a potential agreement between the UK and Switzerland,,,5717,urn:procedure-editor:MakingAvailableBody:iOu7GKad
5718,Departmental lead for Negotiations for a potential agreement between the UK and the Maldives,,,5718,urn:procedure-editor:MakingAvailableBody:iOu7GKad
5742,"Departmental lead for Agreement, done at London on 14 June 2023, between the Government of the United Kingdom of Great Britain and Northern Ireland and the Swiss Confederation on Recognition of Professional Qualifications",,,5742,urn:procedure-editor:MakingAvailableBody:iOu7GKad
5743,"Departmental lead for Council of Europe Convention, done at Saint Denis on 3 July 2016, on an Integrated Safety, Security and Service Approach at Football Matches and Other Sports Events",,,5743,urn:procedure-editor:MakingAvailableBody:NDZSYjeE
5760,"Departmental lead for Agreement, done at Leipzig on 18 May 2022, between the Government of the United Kingdom of Great Britain and Northern Ireland and the Government of Canada concerning Air Services",,,5760,urn:procedure-editor:MakingAvailableBody:XouN12Ow
5778,"Departmental lead for Convention on Social Security Coordination between the Government of Iceland, the Government of the Principality of Liechtenstein, the Government of the Kingdom of Norway and the Government of the United Kingdom of Great 
Britain and Northern Ireland",,,5778,urn:procedure-editor:MakingAvailableBody:BnJUNszl
5789,"Departmental lead for Interim Political, Trade and Partnership Agreement, done at Ramallah on 18 Februrary 2019, between the United Kingdom of Great Britain and Northern Ireland and the Palestinian Liberation Organisation for the benefit of the Palestinian Authority of the West Bank and the Gaza Strip",,,5789,urn:procedure-editor:MakingAvailableBody:ni8aOEk3
5795,"Departmental lead for Protocol, done at Palma de Mallorca on 18 November 2019, to amend the International Convention for the Conservation of Atlantic Tunas",,,5795,urn:procedure-editor:MakingAvailableBody:5LQ5Ar74
5813,"Departmental lead for Agreement, done at Baku on 23 February, between the Government of the United Kingdom of Great Britain and Northern Ireland and the Government of the Republic of Azerbaijan on International Road Transport",,,5813,urn:procedure-editor:MakingAvailableBody:XouN12Ow
5814,"Departmental lead for Agreement, done at London and Kingstown on 16 June and 5 and 6 September 2022, between the Government of the United Kingdom of Great Britain and
Northern Ireland and the Government of Saint Vincent and the Grenadines
concerning Air Services",,,5814,urn:procedure-editor:MakingAvailableBody:XouN12Ow
5835,Departmental lead for Negotiations for a potential agreement between the UK and Turkey,,,5835,urn:procedure-editor:MakingAvailableBody:iOu7GKad
5914,"Departmental lead for Protocol, done at Geneva on 17 June 2022, amending the Marrakesh Agreement Establishing the World Trade Organization: Agreement on Fisheries Subsidies",,,5914,urn:procedure-editor:MakingAvailableBody:5LQ5Ar74
5929,"Departmental lead for Agreement, done at New York on 20 September 2023, under the United Nations Convention on the Law of the Sea on the Conservation and Sustainable use of Marine Biological Diversity of Areas Beyond National Jurisdiction",,,5929,urn:procedure-editor:MakingAvailableBody:BnJUNszl
5930,"Departmental lead for Exchange of Notes, done at Seoul and London on 22 September 2023, amending the Free Trade Agreement between the United Kingdom of Great Britain and Northern Ireland and the Republic of Korea",,,5930,urn:procedure-editor:MakingAvailableBody:iOu7GKad
5931,"Departmental lead for Agreement, done at London on 13 October 2023, between the Government of the United Kingdom of Great Britain and Northern Ireland and the Government and the Portuguese Republic on Mutual Recognition for the Purpose of Driving and Exchange of Licenses",,,5931,urn:procedure-editor:MakingAvailableBody:XouN12Ow
5970,"Departmental lead for Amending Agreement No. 2, done at Tbilisi on 2 and 14 December 2022, between the United Kingdom of Great Britain and Northern Ireland and Georgia Amending the Strategic Partnership and Cooperation Agreement between the United Kingdom of Great Britain and Northern Ireland and Georgia",,,5970,urn:procedure-editor:MakingAvailableBody:iOu7GKad
5971,"Departmental lead for Amending Agreement No. 2, done at Chisinau on 25 May 2023, between the United Kingdom of Great Britain and Northern Ireland and the Republic of Moldova to amend the Strategic Partnership, Trade and Cooperation Agreement between the United Kingdom of Great Britain and Northern Ireland and the Republic of Moldova",,,5971,urn:procedure-editor:MakingAvailableBody:iOu7GKad
6029,"Departmental lead for Exchange of Notes, done at Seoul on 7 November 2023, amending the Free Trade Agreement between the United Kingdom of Great Britain and Northern Ireland and the Republic of Korea",,,6029,urn:procedure-editor:MakingAvailableBody:iOu7GKad
6041,"Departmental lead for Protocol, done in Geneva on 28 November 2003, on Explosive Remnants of War to the Convention on Prohibitions or Restrictions on the Use of Certain Conventional Weapons which may be deemed to be Excessively Injurious or to have Indiscriminate Effects (Protocol V)",,,6041,urn:procedure-editor:MakingAvailableBody:DkHdH4kZ
6044,"Departmental lead for Agreement, done at London on 26 January 2023, between the Government of the United Kingdom of Great Britain and Northern Ireland and the Government of Georgia concerning Air Services",,,6044,urn:procedure-editor:MakingAvailableBody:XouN12Ow
6069,"Departmental lead for Agreement, done at Brussels on 10 November 2023, between the United Kingdom of Great Britain and Northern Ireland and the Kingdom of Belgium on the Gainful Occupation of Certain Family Members of the Personnel of the Diplomatic Missions and Consular Posts",,,6069,urn:procedure-editor:MakingAvailableBody:BnJUNszl
6098,"Departmental lead for Agreement, done at Kigali on 5 December 2023, between the Government of the United Kingdom of Great Britain and Northern Ireland and the Government of the Republic of Rwanda for the Provision of an Asylum Partnership Agreement to Strengthen Shared International Commitments on the Protection of Refugees and Migrants",,,6098,urn:procedure-editor:MakingAvailableBody:NDZSYjeE
6148,"Departmental lead for Amendment, adopted at Samarkand on 18 May 2023, to the Agreement Establishing the European Bank for Reconstruction and Development",,,6148,urn:procedure-editor:MakingAvailableBody:HYfypSOE
6181,"Departmental lead for Exchange of Letters, done at Tirana on 12 January and 12 June 2023, to amend the Partnership, Trade and Cooperation Agreement between the United Kingdom of Great Britain and Northern Ireland and the Republic of Albania",,,6181,urn:procedure-editor:MakingAvailableBody:iOu7GKad
6182,"Departmental lead for Amending Agreement No. 1, done at Pristina on 19 September 2023, between the United Kingdom of Great Britain and Northern Ireland and the Republic of Kosovo to amend the Partnership, Trade and Cooperation Agreement between the United Kingdom of Great Britain and Northern Ireland and the Republic of Kosovo",,,6182,urn:procedure-editor:MakingAvailableBody:iOu7GKad
6189,"Departmental lead for Convention, adopted at Paris on 17 October 2003, for the Safeguarding of the Intangible Cultural Heritage",,,6189,urn:procedure-editor:MakingAvailableBody:yHtx3dj0
6199,Departmental lead for Hague Convention of 2 July 2019 on the Recognition and Enforcement of Foreign Judgments in Civil or Commercial Matters,,,6199,urn:procedure-editor:MakingAvailableBody:BRTNQywN
6224,"Departmental lead for Treaty, done at Manila on 26 October 2023, between the Government of the United Kingdom of Great Britain and Northern Ireland and the Government of the Republic of the Philippines on the Transfer of Sentenced Persons",,,6224,urn:procedure-editor:MakingAvailableBody:BRTNQywN
6245,"Departmental lead for Agreement, done at Bern on 21 December 2023, between the United Kingdom of Great Britain and Northern Ireland and the Swiss Confederation on Mutual Recognition in Financial Services",,,6245,urn:procedure-editor:MakingAvailableBody:HYfypSOE
6268,"Departmental lead for Agreement No. 3, done at London and Kyiv on 8 February, in the form of an Exchange of Letters between the United Kingdom of Great Britain and Northern Ireland and Ukraine amending the Political, Free Trade and Strategic Partnership Agreement between the United Kingdom of Great Britain and Northern Ireland and Ukraine ",,,6268,urn:procedure-editor:MakingAvailableBody:iOu7GKad
6272,"Departmental lead for Agreement, done at Copenhagen on 8 February, between the United Kingdom of Great Britain and Northern Ireland and the Kingdom of Denmark on the Participation in Certain Elections of Nationals of Each Country Resident in the Territory of the Other",,,6272,urn:procedure-editor:MakingAvailableBody:4YFnf0fD
6281,"Departmental lead for International Coffee Agreement 2022, adopted at London on 9 June 2022",,,6281,urn:procedure-editor:MakingAvailableBody:5LQ5Ar74
6298,"Departmental lead for Convention, done at Tokyo on 14 December 2023, on the Establishment of the 'Global Combat Air Programme ? GCAP International Government Organisation'",,,6298,urn:procedure-editor:MakingAvailableBody:DkHdH4kZ
6375,"Departmental lead for Agreement, done at Budapest on 12 October 2023, between the Government of the United Kingdom of Great Britain and Northern Ireland and the Government of Hungary concerning the Protection of Classified Information",,,6375,urn:procedure-editor:MakingAvailableBody:7gnSwbLO
6404,"Departmental lead for Air Services Agreement, done at London on 2 November 2023, between the Government of the United Kingdom of Great Britain and Northern Ireland and the Government of the Kingdom of Saudi Arabia",,,6404,urn:procedure-editor:MakingAvailableBody:XouN12Ow
6405,"Departmental lead for Agreement, done at Zallaq on 10 November 2022, between the Government of the United Kingdom of Great Britain and Northern Ireland and the Government of the Kingdom of Bahrain concerning Air Services",,,6405,urn:procedure-editor:MakingAvailableBody:XouN12Ow
6406,"Departmental lead for Host Country Agreement, done at Helsinki and London on 19 and 20 March 2024, between the Government of the United Kingdom of Great Britain and Northern Ireland and the European Forest Institute",,,6406,urn:procedure-editor:MakingAvailableBody:BnJUNszl
6412,"Departmental lead for Agreement, done at Dakar on 4 December 2023, between the Government of the United Kingdom of Great Britain and Northern Ireland and the Government of the Republic of Senegal concerning Military Cooperation on Defence Cooperation",,,6412,urn:procedure-editor:MakingAvailableBody:DkHdH4kZ
6413,"Departmental lead for Amendment, done at Washington DC on 10 July 2023, of the Articles of Agreement of the International Bank for Reconstruction and Development (IBRD) to remove the Statutory Lending Limit (SLL)",,,6413,urn:procedure-editor:MakingAvailableBody:BnJUNszl
6560,"Departmental lead for Amending Protocol, done at Chisinau on 23 May 2024, between the United Kingdom of Great Britain and Northern Ireland and the Republic of Moldova to extend Amending Agreement No. 1 between the United Kingdom of Great Britain and Northern Ireland and the Republic of Moldova to amend the Strategic Partnership, Trade and Cooperation Agreement between the United Kingdom of Great Britain and Northern Ireland and the Republic of Moldova",,,6560,urn:procedure-editor:MakingAvailableBody:iOu7GKad
6566,"Departmental lead for Amendment, done at Washington on 25 July 2024, to the Agreement between the Government of the United Kingdom of Great Britain and Northern Ireland and the Government of the United States of America for Cooperation on the Uses of Atomic Energy for Mutual Defense Purposes",,,6566,urn:procedure-editor:MakingAvailableBody:DkHdH4kZ
6596,"Departmental lead for Agreement, done at Washington on 5 August 2024, among the Government of the United Kingdom of Great Britain and Northern Ireland, the Government of Australia, and the Government of the United States of America for Cooperation related to Naval Nuclear Propulsion",,,6596,urn:procedure-editor:MakingAvailableBody:DkHdH4kZ
6597,"Departmental lead for Framework Agreement, done at London on 19 July 2024, between the Government of the United Kingdom of Great Britain and Northern Ireland and the Government of Ukraine on Official Credit Support for the Development of Ukraine?s Defence Capabilities",,,6597,urn:procedure-editor:MakingAvailableBody:iOu7GKad
6686,"Departmental lead for Agreement, done at London and Port Louis on 22 May 2025, between the Government of the United Kingdom of Great Britain and Northern Ireland and the Government of the Republic of Mauritius concerning the Chagos Archipelago including Diego Garcia",,,6686,urn:procedure-editor:MakingAvailableBody:BnJUNszl
6701,"Departmental lead for Agreement, done at Bangkok on 20 March 2024, between the Government of the United Kingdom of Great Britain and Northern Ireland and the Government of the Kingdom of Thailand concerning Air Services",,,6701,urn:procedure-editor:MakingAvailableBody:XouN12Ow
6728,"Departmental lead for Protocol, done at Brussels on 16 July 2018, to the Agreement on the international occasional carriage of passengers by coach and bus (Interbus Agreement) regarding the international regular and special regular carriage of passengers by coach and bus And Agreement, done at Brussels on 14 April 2000 - 30 June 2001, on the international occasional carriage of passengers by coach and bus (Interbus Agreement) And The Decision No 1/2011, done at Brussels on 11 November 2011, of the Joint Committee established under the Interbus Agreement on the international occasional carriage of passengers by coach and bus of 11 November 2011",,,6728,urn:procedure-editor:MakingAvailableBody:XouN12Ow
6757,"Departmental lead for Amendments, done at Abidjan on 14 April 2023, to the Agreement Establishing the African Development Fund",,,6757,urn:procedure-editor:MakingAvailableBody:BnJUNszl
6795,"Departmental lead for Agreement, done at Brasilia on 10 April 2024, between the Government of the United Kingdom of Great Britain and Northern Ireland and the Government of the Federative Republic of Brazil concerning Air Services",,,6795,urn:procedure-editor:MakingAvailableBody:XouN12Ow
6796,"Departmental lead for Agreement, done at London on 22 January 2024, between the Government of the United Kingdom of Great Britain and Northern Ireland and the Government of the Republic of Moldova concerning Air Services",,,6796,urn:procedure-editor:MakingAvailableBody:XouN12Ow
6797,"Departmental lead for Agreement, done at Dushanbe on 22 April 2024, between the Government of the United Kingdom of Great Britain and Northern Ireland and the Government of the Republic of Tajikistan concerning Air Services",,,6797,urn:procedure-editor:MakingAvailableBody:XouN12Ow
6798,"Departmental lead for Agreement, done at Ulaanbaatar on 23 January 2024, between the Government of the United Kingdom of Great Britain and Northern Ireland and the Government of Mongolia concerning Air Services",,,6798,urn:procedure-editor:MakingAvailableBody:XouN12Ow
6816,"Departmental lead for Agreement, done at Belgrade on 21 May 2024, between the United Kingdom of Great Britain and Northern Ireland and the Republic of Serbia on Cooperation and Mutual Administrative Assistance in Customs Matters",,,6816,urn:procedure-editor:MakingAvailableBody:HYfypSOE
6834,"Departmental lead for Agreement, done at Prague on 4 and 12 May 2021, between the United Kingdom of Great Britain and Northern Ireland and the Czech Republic on Termination of the Agreement between the Government of the United Kingdom of Great Britain and Northern Ireland and the Government of the Czech and Slovak Federal Republic for the Promotion and Protection of Investments with Protocol done at Prague on 10 July 1990 and an amending Exchange of Notes done at Prague on 23 August 1991 and 24 October 1991",,,6834,urn:procedure-editor:MakingAvailableBody:iOu7GKad
6835,"Departmental lead for Agreement, done at Vilnius on 18 May and 1 July 2021, between the United Kingdom of Great Britain and Northern Ireland and the Republic of Lithuania on Termination of the Agreement between the Government of the United Kingdom of Great Britain and Northern Ireland and the Government of the Republic of Lithuania for the Promotion and Protection of Investments done at Vilnius on 17 May 1993",,,6835,urn:procedure-editor:MakingAvailableBody:iOu7GKad
6905,"Departmental lead for Agreement, done at Zagreb on 9 and 10 December 2024, between the Government of the United Kingdom of Great Britain and Northern Ireland and the Government of the Republic of Croatia on the Termination of the Agreement between the Government of the United Kingdom of Great Britain and Northern Ireland and the Government of the Republic of Croatia for the Promotion and Protection of Investments, done at London on 11 March 1997",,,6905,urn:procedure-editor:MakingAvailableBody:iOu7GKad
6906,"Departmental lead for Agreement, done at Ljubljana on 6 and 12 December 2024, between the United Kingdom of Great Britain and Northern Ireland and the Republic of Slovenia on the Termination of the Agreement between the Government of the United Kingdom of Great Britain and Northern Ireland and the Government of the Republic of Slovenia for the Promotion and Protection of Investments, done at Ljubljana on 3 July 1996",,,6906,urn:procedure-editor:MakingAvailableBody:iOu7GKad
6910,"Departmental lead for Comprehensive Security Integration and Prosperity Agreement, done at Washington on 13 September 2023",,,6910,urn:procedure-editor:MakingAvailableBody:BnJUNszl
6924,"Departmental lead for Framework Agreement, done at Baku on 20 November 2024, for International Collaboration on Research and Development of Generation IV Nuclear Energy Systems",,,6924,urn:procedure-editor:MakingAvailableBody:WNiRFHTS
6943,"Departmental lead for Agreement, done at London on 13 November 2024, between the Government of the United Kingdom of Great Britain and Northern Ireland and the Government of Romania on Defence Cooperation",,,6943,urn:procedure-editor:MakingAvailableBody:DkHdH4kZ
6944,Departmental lead for One Hundred Year Partnership Agreement between the United Kingdom of Great Britain and Northern Ireland and Ukraine,,,6944,urn:procedure-editor:MakingAvailableBody:BnJUNszl
6948,"Departmental lead for Agreement, done at Canberra on 21 March 2024, between the Government of the United Kingdom of Great Britain and Northern Ireland and the Government of Australia for Defence and Security Cooperation",,,6948,urn:procedure-editor:MakingAvailableBody:DkHdH4kZ
6962,"Departmental lead for Agreement, done at Ljubljana on 6 and 12 December 2024, between the United Kingdom of Great Britain and Northern Ireland and the Republic of Slovenia on the Termination of the Agreement between the Government of the United Kingdom of Great Britain and Northern Ireland and the Government of the Republic of Slovenia for the Promotion and Protection of Investments, done at Ljubljana on 3 July 1996",,,6962,urn:procedure-editor:MakingAvailableBody:iOu7GKad
6971,"Departmental lead for Agreement, done at London on 16 September 2024, between the United Kingdom of Great Britain and Northern Ireland and the Kingdom of Spain on the Free Pursuit of Gainful Occupation by Dependants of Members of Diplomatic Missions and Consular Offices",,,6971,urn:procedure-editor:MakingAvailableBody:BnJUNszl
7143,"Departmental lead for International Labour Convention No. 191, done at Geneva on 12 June 2023, concerning Amendments to Standards Consequential to the Recognition of a Safe and Healthy Working Environment as a Fundamental Principle (with Recommendation 207)",,,7143,urn:procedure-editor:MakingAvailableBody:XbTBTDMo
7154,"Departmental lead for Agreement, done at London on 9 April 2025, between the Government of the United Kingdom of Great Britain and Northern Ireland and the Government of the French Republic on Safety and Interoperability Requirements in the Channel Fixed Link",,,7154,urn:procedure-editor:MakingAvailableBody:XouN12Ow
7272,"Departmental lead for Convention, adopted at Vienna on 12 September 1997, on Supplementary Compensation for Nuclear Damage",,,7272,urn:procedure-editor:MakingAvailableBody:WNiRFHTS
7288,"Departmental lead for Agreement, done at London on 14 January 2025, on Partnership and Cooperation between the Government of the United Kingdom of Great Britain and Northern Ireland and the Government of the Republic of Iraq",,,7288,urn:procedure-editor:MakingAvailableBody:BnJUNszl
7289,"Departmental lead for Strategic Partnership and Cooperation Agreement, done at Astana on 24 April 2024, between the United Kingdom of Great Britain and Northern Ireland and the Republic of Kazakhstan",,,7289,urn:procedure-editor:MakingAvailableBody:BnJUNszl
7330,"Departmental lead for Agreement, done at London 29 July and Paris 30 July 2025, between the Government of the United Kingdom of Great Britain and Northern Ireland and the Government of the French Republic on the Prevention of Dangerous Journeys",,,7330,urn:procedure-editor:MakingAvailableBody:NDZSYjeE
